,comment,published_at,video,manual_sentiment
0,"the whole debate is
mamdani makes a good point, cuomo tries to desparetley defend himself (but he can't) and sliwa just has fun attacking both.",2025-10-24 11:45:15+00:00,Final_Mayoral_Debate.csv,1
1,sliwa hating cuomo but generally being respectful to mamdani is the best thing this race has to offer.,2025-10-23 19:09:58+00:00,Final_Mayoral_Debate.csv,1
2,nothing wrong with zohran admitting he hasn‚Äôt decided about something. better than lying.,2025-10-26 22:29:49+00:00,Final_Mayoral_Debate.csv,1
3,pathetic cuomo couldn‚Äôt even take the time to shake the hands of his opponents. runs to the moderators and then scurries away. zohran and curtis did immediately.,2025-10-23 03:00:47+00:00,Final_Mayoral_Debate.csv,1
4,why does cuomo always start answers by referencing zohran even if he hasn't spoken yet.,2025-10-23 14:57:00+00:00,Final_Mayoral_Debate.csv,1
5,"love sliwa providing a little stand-up bit with his ""zohran, your resume could fit on a cocktail napkin, and andrew, your failures could fill a public school library in new york city"" @ 43:36 üòÇüòÇ",2025-10-24 19:32:00+00:00,Final_Mayoral_Debate.csv,0
6,this race needs to only be mamdani vs sliwa,2025-10-23 16:46:23+00:00,Final_Mayoral_Debate.csv,1
7,zohran needs to be arrested. you can't beat up an elderly man like that. üòÇüòÇüòÇ,2025-10-23 07:51:07+00:00,Final_Mayoral_Debate.csv,1
8,"the way zohran stands there, patiently, smiling his big smile so quietly as the others are speaking and then proceeding to ripping them to shreds whenever it's his turn to speak...that's just diabolical. lmao!",2025-10-23 13:59:57+00:00,Final_Mayoral_Debate.csv,1
9,"what has mamdani said about jewish people?? i‚Äôve heard him criticize israel because they are killings thousands of woman and children, but that is just not anti semitism? criticizing israel‚Äôs gov is not anti semitism!",2025-10-23 04:13:41+00:00,Final_Mayoral_Debate.csv,1
10,"1:02:29 ""don't be glazing me here zohran"" üò≠üò≠üò≠",2025-10-23 05:28:33+00:00,Final_Mayoral_Debate.csv,1
11,"best line of the night: ""zohran - your resume couldn't fill a cocktail hour napkin and cuomo your failures could fill a library""",2025-10-23 14:06:08+00:00,Final_Mayoral_Debate.csv,0
12,zohran policies aren't anything new or unattainable. many cities have implemented this in europe and even in boston. it is just billionaires who want you to believe that it is not possible.,2025-10-23 10:32:27+00:00,Final_Mayoral_Debate.csv,1
13,i‚Äôve been following the debates and i‚Äôm still not sure i know cuomo‚Äôs policies other than ‚Äúi‚Äôm not zohran‚Äù,2025-10-25 15:41:54+00:00,Final_Mayoral_Debate.csv,1
14,its should be curtis vs mamdani,2025-10-23 09:53:53+00:00,Final_Mayoral_Debate.csv,1
15,i love that zohran said he would vote rank curtis 2nd in ranked choice voting. i too would rather have curtis than cuomo as a zohran supporter and honestly i think zohran and curtis should both work together rather than point fingers at one another,2025-10-23 19:57:04+00:00,Final_Mayoral_Debate.csv,1
16,"cuomo's obsession with being ""anti-mamdani"" is the exact same tactic that always leads to defeat. not having an identity of your own is how you lose an election against people that actually do have an identity (like the democratic socialist zohran mamdani, or nyc-personified curtis sliwa)",2025-10-23 14:37:29+00:00,Final_Mayoral_Debate.csv,1
17,cuomo is obviously so obsessed with mamdani. problem is: cuomo is carrying rotten baggages while mamdani holds ace cards.,2025-10-23 04:17:17+00:00,Final_Mayoral_Debate.csv,1
18,cuomo went on stage to attack mamdani on his way out of these elections. it seems to me cuomo‚Äôs owners are fine with the 71yo sliwa winning and are scared from mamdani not bending tge knee to them like the others.,2025-10-23 07:03:25+00:00,Final_Mayoral_Debate.csv,1
19,interesting that americans are so focused on the fact that mamdani is muslim.  my canadian city had a muslim mayor for 11 years and london's mayor currently has a muslim mayor who has been in office for 9 years.  america's racism shines bright,2025-10-23 13:11:17+00:00,Final_Mayoral_Debate.csv,1
20,how come none of these guys can pronounce zohran mamdani? it's not that hard.,2025-10-23 09:52:24+00:00,Final_Mayoral_Debate.csv,1
21,zohran never said he was against jewish people!!!!,2025-10-23 19:56:55+00:00,Final_Mayoral_Debate.csv,1
22,"i‚Äôm all in on mamdani, but props to curtis sliwa as well. his ideas are antiquated, but at the very least he has something to say. mamdani and sliwa had different opinions on the multitude of presented topics, while cuomo‚Ä¶ didn‚Äôt really add much to the conversation. most of his arguments were just ‚Äúmamdani‚Äôs idea sucks and he‚Äôll destroy the city‚Äù which is just strange and very unprofessional.",2025-10-24 13:13:16+00:00,Final_Mayoral_Debate.csv,1
23,mamdani should offer sliwa a job in his new administration.  cuomo should go clean a pool in florida somewhere.,2025-10-23 13:23:25+00:00,Final_Mayoral_Debate.csv,1
24,read more: https://www.foxnews.com/politics/zohran-mamdani-says-nyc-should-uphold-icc-arrest-warrant-netanyahu-he-visits-city,2025-10-15 22:38:54+00:00,Fox_Interview.csv,0
25,zohran is the only one that wants to talk about usa. everyone else wants to talk about israel.,2025-10-16 17:50:59+00:00,Fox_Interview.csv,1
26,"the first question to  nyc mayor candidate should be about new york not the middle east.
mamdani was smart",2025-10-16 03:58:53+00:00,Fox_Interview.csv,1
27,"vote for this man, because he actually cares about people instead of giant corporations. mamdani i hope you win",2025-10-16 08:32:28+00:00,Fox_Interview.csv,1
28,"*fox news is more concerned about a foreign country than their own country. anyway, good response by mamdani.*",2025-10-16 03:48:07+00:00,Fox_Interview.csv,1
29,zohran is exactly what america needs. cnn and fox news are not equipped to deal with this guy.,2025-10-17 01:25:35+00:00,Fox_Interview.csv,1
30,bro mamdani cooked with this interview what a guy,2025-10-17 22:32:35+00:00,Fox_Interview.csv,1
31,the comment section passed the vibe test. the world is against the actions of israel and supports you fully mamdani!!,2025-10-16 23:49:06+00:00,Fox_Interview.csv,1
32,thank you mamdani for going to far right conservative lunatic propaganda outlet (fox) and exposed their hypocrisy and stupidity. mamdani is running for new york mayor not mayor of tel aviv.,2025-10-16 14:58:57+00:00,Fox_Interview.csv,1
33,did you see how he played the game? it‚Äôs all just a game. more democratic leaders should learn the republican playbook and deflect on camera. attack in the backend. fantastic work. wow mamdani.,2025-10-17 03:30:46+00:00,Fox_Interview.csv,1
34,"this mamdani guy seems alright. didn't like him at first, but he grew on me",2025-10-16 20:18:51+00:00,Fox_Interview.csv,1
35,"is zohran running for mayoral candidate for tel aviv?
they are more concerned about israel than new york.
wow.
ü§∑ü§∑ü§∑ü§∑",2025-10-17 06:34:49+00:00,Fox_Interview.csv,1
36,"mamdani: let‚Äôs talk about nyc. 

fox reporter: but i haven‚Äôt finished all the questions yet that i received from my master aipac.",2025-10-20 11:42:13+00:00,Fox_Interview.csv,1
37,"mamdani: i hope you make history and get elected as the mayor of new york because you have great ethics and moral integrity, as well as a passion to serve the new yorkers unconditionally! god help you with your goal and ambition!",2025-10-16 17:50:16+00:00,Fox_Interview.csv,1
38,she is cooked without oil by mamdani!!,2025-10-17 03:51:46+00:00,Fox_Interview.csv,1
39,yes really zohran mamdani sir is enough for sharping new york city in good condition,2025-10-20 02:51:44+00:00,Fox_Interview.csv,1
40,looks like mamdani is becoming tel aviv mayor that they are asking about israel? tf??,2025-10-16 15:39:19+00:00,Fox_Interview.csv,1
41,i can't believe i get to vote for zohran over cuomo twice! what a treat!!,2025-10-28 03:54:22+00:00,The_Daily_Show.csv,1
42,"mayor zohran mamdani .. this is your moment .. this is your time . my daughter is one of the 90,000 volunteers in your campaign . we are all with you . all the best zohran !!!",2025-10-28 04:05:20+00:00,The_Daily_Show.csv,1
43,this 81 year old has been on board since january.  üòç  i've been waiting for mamdani since 1968.,2025-11-02 06:02:13+00:00,The_Daily_Show.csv,1
44,"something most people don't understand is people are voting for mamdani not because his policies are perfect. they are voting because he is honest and willing to try. if everything he does fails, we know he will keep trying. surprising right! who would have thought people would like honest and hardworking person to represent them",2025-11-02 23:38:41+00:00,The_Daily_Show.csv,1
45,"i hope jon knows how much of a difference he made on millennials growing up and watching him every night. glad he shared his platform with zohran, someone who is fighting for the same values, policy, and integrity, jon has covered throughout the years.",2025-10-28 12:31:16+00:00,The_Daily_Show.csv,1
46,"go zohran!
from the heart of darkness, tallahassee, florida",2025-10-28 09:13:59+00:00,The_Daily_Show.csv,1
47,"if zohran wins, this positivity will permeate to other cities, and ultimately the senate. do the right thing america! i'm not an american and i'm cheering you guys on!",2025-10-28 07:15:57+00:00,The_Daily_Show.csv,1
48,i'm not a new yorker but i'm very excited for mr. mamdani. i hope he wins.,2025-10-28 03:39:01+00:00,The_Daily_Show.csv,1
49,"i love listening to mr. mamdani‚Äôs laughter. it reveals much about a person‚Äôs character. his laugh is wonderful because it comes from his kindness, compassion, and understanding of the world.",2025-10-28 04:43:13+00:00,The_Daily_Show.csv,1
50,"he said, @18:00. one person should not have all the answers, we need to build a team so we can get the best answer. i don't want my answer, i want the answer

<3 for you zohran!!!!! thank you!!!",2025-10-28 16:33:23+00:00,The_Daily_Show.csv,1
51,"he is the most down to earth smart man. he knows exactly how many vacant housing units are currently available, and he's only a 30 something y/o city assemblyman. his laugh and jokes are so natural too!!! supporting mamdani from florida!!!!",2025-11-01 05:32:58+00:00,The_Daily_Show.csv,1
52,"i was talking to my buddies a year ago on us politics. i said idc about policies or parties any more. i just want a decent, real human to lead. someone with a heart. not a bot. not a corrupt, greedy politician. not a war-hawk. just a decent human being.

i feel zohran is that man i really hope i‚Äôm right.",2025-10-28 04:03:01+00:00,The_Daily_Show.csv,1
53,"mamdani is a generational talent - charismatic, energetic, thoughtful, etc. new york  is very lucky to have him.",2025-10-28 04:38:55+00:00,The_Daily_Show.csv,1
54,"not a new yorker, but i don‚Äôt think i was ever this excited and full of hope for fellow new yorkers who had longed for changes. wish you the best mayor mamdani!",2025-10-28 05:15:14+00:00,The_Daily_Show.csv,1
55,one of the few politicians in recent memory that exudes both ethical consistency and joy. what a pleasure it is to watch zohran mamdani‚Äôs ascendence.,2025-10-28 04:15:05+00:00,The_Daily_Show.csv,1
56,"i'm not from new york, i'm not even an american but man zohran just fills me with so much hope for the future.",2025-10-30 15:16:07+00:00,The_Daily_Show.csv,1
57,"rooting for you mr. mamdani from us in minnesota. you‚Äôre currently one of  the biggest knights fighting against not just duke cuomo, but king trump. you are an inspiration to us all.",2025-10-28 03:54:10+00:00,The_Daily_Show.csv,1
58,my 85-year-old mom called me today to let me know that she voted for zohran.  zohran is the next mayor of nyc!,2025-11-02 00:13:56+00:00,The_Daily_Show.csv,1
59,solidarity from dublin ireland üáÆüá™ zohran,2025-10-28 11:54:30+00:00,The_Daily_Show.csv,1
60,"i don‚Äôt know how much mamdani will be able to get done for nyc, but i am voting for him because he has values and an actual vision!! i haven‚Äôt been this excited to vote for a mayoral candidate ever! let‚Äôs go!",2025-10-28 10:31:46+00:00,The_Daily_Show.csv,1
61,"i mailed my ballot in this past friday for mamdani. he's young, charismatic and has actual plans for this city. i'm disgusted at the racism and islamophobia used to try and discredit him.",2025-10-28 06:06:28+00:00,The_Daily_Show.csv,1
62,"finland is considered the happiest place in the world and they have free healthcare, childcare and free college. in the united states we can decide to stop giving tax breaks to billionaires and corporations and give to the people that need it! the democratic party needs to embrace mamdani's message and work towards helping the little people!",2025-10-28 04:53:06+00:00,The_Daily_Show.csv,1
63,"‚Äú12/12 baby send me away‚Äù oh man that got a giggle out of me

edit: also shoutout to zohran, his campaign staff, and all of the volunteers, doing the hard work every day for months. this campaign has been amazing to watch and i can‚Äôt wait until this man wins ‚ú®",2025-10-28 05:54:18+00:00,The_Daily_Show.csv,1
64,just beautiful. diamonds form only under pressure. this nightmare will create a lot of gems like zohran.,2025-10-28 04:39:03+00:00,The_Daily_Show.csv,1
65,zohran is definitely the most deserving and appropriate candidate and he will bring a positive impact on the daily lives of new yorkers!,2025-10-28 03:38:24+00:00,The_Daily_Show.csv,1
66,"i'm rooting for you, zohran, from reno, nv.",2025-10-28 03:34:47+00:00,The_Daily_Show.csv,1
67,"90,000 volunteers in nyc is wild. all the best ,mamdani!",2025-10-29 01:52:53+00:00,The_Daily_Show.csv,1
68,"remember people, mamdani winning is just the beginning. we need to keep fighting!",2025-10-28 20:56:44+00:00,The_Daily_Show.csv,1
69,"i‚Äôm from detroit, m.i and i support zohran mamdani.
new york deserves better , they deserve help!!! zohran is the one ‚òùüèº",2025-10-29 01:35:39+00:00,The_Daily_Show.csv,1
70,"man! mamdani is just so likeable! and the fact that he wants to help people and do right by them! new york is lucky they get to vote for someone like him! i wish him and new york the best, all the way from australia!",2025-10-28 07:16:13+00:00,The_Daily_Show.csv,1
71,"these two ladies knocked on my door a couple months ago. i knew nothing about zohran, so i went online and found out about him.¬†
i voted for him and i am looking forward to him being our mayor!",2025-10-28 03:37:04+00:00,The_Daily_Show.csv,1
72,"i cannot understate how impactful zohran's candidacy is, not just on a national scale but on an international scale as well. i'm from vancouver island in canada and all of my friends are keeping up on this election and expressing how hopeful it makes us feel -- because if a democratic socialist can win in nyc, one of the epicentres of capitalism, who is to say a socialist can't win in every other city too?",2025-10-29 22:23:53+00:00,The_Daily_Show.csv,1
73,this guy and his message are so refreshing! this country and its parties  (democratic and republicans) need more leaders like mamdani!,2025-10-28 14:54:35+00:00,The_Daily_Show.csv,1
74,"zohran, brother! we need you more than ever! and i‚Äôm all the way in california! you must be protected brother!!!!!",2025-10-29 03:23:13+00:00,The_Daily_Show.csv,1
75,"dont be complacent go vote zohran yall, man of the people",2025-10-28 04:14:00+00:00,The_Daily_Show.csv,1
76,"as an upstate new yorker. im all in. bring change to the city. after some time in the city bring change to the state.  after you do that mr. mamdani, go all the way and bring change to the nation. thank you for being a light through all this darkness we find ourselves in.",2025-10-28 20:00:05+00:00,The_Daily_Show.csv,1
77,"i'll be cheering for mamdani from here in toronto, canada.",2025-10-28 12:30:39+00:00,The_Daily_Show.csv,1
78,"7:00 ""one in four new yorkers living in poverty in the wealthiest city in the country."" i can't understand how this can happen.
this is my first time seeing mamdani being interviewed. he's very impressive.",2025-10-28 05:00:03+00:00,The_Daily_Show.csv,1
79,i live in utah. always described myself as moderate liberal.  i'd vote for this guy over any existing democrat or republican.  aoc and mamdani 2028.,2025-10-28 09:38:00+00:00,The_Daily_Show.csv,1
80,"jon is an excellent interviewer because he engages with context. every question, he supplies why he is asking and trying to cast 'hey, here's what people are saying about you, what's up with that?' and its so important and conpletely glossed over by a lot of pundits and anchors.

never lived in ny, but i'm excited about mamdani.",2025-10-28 16:23:25+00:00,The_Daily_Show.csv,1
81,"not to mention his name is zohran, which sounds cool as hell. like an ancient deity or something.",2025-04-08 00:25:01+00:00,Hasan_Talk.csv,1
82,"one thing that stuck out to me is that when hasan is talking, not asking a specific question, but bringing up an issue, zohran is actively listening instead of trying to process a rebuttal. it made me realize that politicians are supposed to be active listeners, not active defenders. if we had more active listeners in local and national government, i think we could see some positive change",2025-04-08 12:12:38+00:00,Hasan_Talk.csv,1
83,"people need to also watch the stream section after the conversation/interview was done. zohran shows kindess, charisma, wit, and more just from his interactions with how he spoke with people he would just meet on the streets. truly one of the few politicians that give me hope for having a normal and empathetic person (as contradictory as it can be during these times) be running for office.",2025-04-08 00:59:08+00:00,Hasan_Talk.csv,1
84,yall better vote for zohran in nyc,2025-04-08 05:59:23+00:00,Hasan_Talk.csv,1
85,zohran calling hasan a himby makes me feel like he was making a himbo joke. i like this guy,2025-04-09 00:01:02+00:00,Hasan_Talk.csv,1
86,"as a native new yorker (raised in queens baby üëèüèøüëèüèø), i'm so happy to see someone like zohran standing up as a candidate. me and my mother moved to philadelphia about 2 1/2 years ago. mainly for me to do my masters/mfa and also to avoid dealing with nyc's housing problems. 

even though i like philly alot, new york still has my heart. i want to see my home-city thrive, i want to see the working class elevated, for housing to be affordable again, and i especially want to see a greater effort to defund the nypd. zohran's iron willpower gives me a lot of hope for new york's future.

""question ain't ""do we have resources to rebuild?""
it's ""do we have the will?"" "" - d'angelo",2025-04-08 14:25:07+00:00,Hasan_Talk.csv,1
87,"this was my favorite stream in recent memory. zohran seems like such a sweet man, i hope all you new yorkers get this guy in office because he seems perfect for it.",2025-04-08 02:55:00+00:00,Hasan_Talk.csv,1
88,hasan cracking jokes while mamdani discusses how to build an incredible city that actually supports its citizens is the funniest duo ive ever seen,2025-06-23 05:59:05+00:00,Hasan_Talk.csv,1
89,as a muslim leftist i am very proud of zohran. greetings from italy,2025-06-09 16:58:04+00:00,Hasan_Talk.csv,1
90,if zohran doesn‚Äôt win i‚Äôm crashing out,2025-04-09 20:04:40+00:00,Hasan_Talk.csv,1
91,"go zohran!   ranked choice can work,  especially in this race.

remember:  leave two names off your ballot.

no cuomo,  no adams.  period.",2025-06-04 06:28:13+00:00,Hasan_Talk.csv,1
92,"we got aoc in, we can get zohran in as well!!!!!! let's do it ny!",2025-04-08 16:36:57+00:00,Hasan_Talk.csv,1
93,"zohran's interview was the best politician collab that hasan has ever done!  
people love authenticity and zohran has it!  after this interview, he even showed them around nyc.",2025-04-08 01:00:27+00:00,Hasan_Talk.csv,1
94,zohran calling hasan habibi is everything üòç,2025-06-29 18:15:20+00:00,Hasan_Talk.csv,1
95,"zohran is so charismatic and nice. watching the whole stream, i was genuinely suprised to see how much he seems to care for everyone around him, be it the people he's walking around with or jusst random passerbys on the street. 

i really hope to see the biryani tattoo soon",2025-04-08 13:12:27+00:00,Hasan_Talk.csv,1
96,"rank zohran number 1, be sure to fill out the rest of your ballot with progressive choices, and don't rank cuomo!!!!",2025-04-08 05:30:45+00:00,Hasan_Talk.csv,1
97,lets go zohran!!,2025-06-25 04:21:53+00:00,Hasan_Talk.csv,1
98,i‚Äôve been door knocking for zohran like crazy i hope we can winüò≠üò≠,2025-04-24 17:34:01+00:00,Hasan_Talk.csv,1
99,zohran for nyc,2025-04-08 00:14:28+00:00,Hasan_Talk.csv,1
100,"total zohran victory, the smears against pro palestinians dont work anymore",2025-06-25 15:42:10+00:00,Hasan_Talk.csv,1
101,"i‚Äôve never donated or cavnassed before zohran but i believe him and we really need him to win. come out and volunteer if you live in nyc!!!

was nervous my first time but you work w/ chill people and they‚Äôll pair you with someone experienced (for canvassing). now i‚Äôm canvassing every weekend i can till the election",2025-04-08 00:52:08+00:00,Hasan_Talk.csv,1
102,"zohran's answers are well spoken, concise and understandable. already the signs of a great future leader!",2025-06-09 15:22:35+00:00,Hasan_Talk.csv,1
103,this is how you destroy your enemy from within. new yorkers wake up. mamdani hates you. he will cause your destruction. mamdani pays nothing while new yorkers pays everything.,2025-09-30 22:09:32+00:00,Dave_Rubin.csv,0
104,thank you for pointing out mamdani's obscenely wealthy family. too many people let it slip by!,2025-09-30 20:06:44+00:00,Dave_Rubin.csv,0
105,zohran is not to be trusted beware of this evildoer,2025-09-30 18:37:15+00:00,Dave_Rubin.csv,0
106,"mamdani, cannot  be trusted. wake up, people!!! an enemy within.",2025-10-02 14:51:02+00:00,Dave_Rubin.csv,0
107,"the jewish population in nyc is pretty large.   some apparently don't get it, but mamdani doesn't care if you are practicing your religion or not.   if your heritage is jewish, he is against you.  so, if any jew is stupid enough to vote for mamdani, then your reward will be the destruction of the great city of new york.   within a few years, it will start to look more like east london, which is now considered an armpit.   of course, the rich can simply move out of the city, but most who don't have such funds will be forced to live in the armpit that they voted for.",2025-10-01 18:16:03+00:00,Dave_Rubin.csv,0
108,"you know how they say you can't turn a heroin addict around until he hits rock bottom? well ny is about to hit rock bottom if mamdani gets in. then all the gullible democrats will realize that their leaders are all full of shit. let them find out the hard way.

i wonder what is going through bloomburg's head ever time mamdani says the billionaires will be paying for all his promises.",2025-09-30 18:29:07+00:00,Dave_Rubin.csv,0
109,mamdani the commie!,2025-10-02 12:41:51+00:00,Dave_Rubin.csv,0
110,"mamdani is not a communist, for goodness sakes. he is a left democrat, a kind of social democracy.",2025-07-10 10:12:41+00:00,Megyn_Kelly_Commentary.csv,1
111,does megyn has the courage to invite mamdani to her show ??,2025-07-11 13:08:24+00:00,Megyn_Kelly_Commentary.csv,1
112,rich people like these lots telling you not to vote for someone like mamdani is exactly why you should vote for mamdani.,2025-07-11 11:56:48+00:00,Megyn_Kelly_Commentary.csv,1
113,"mamdani ran a better campaign and voters spoke up for the message, he will be next nyc mayor!!!",2025-07-09 20:01:58+00:00,Megyn_Kelly_Commentary.csv,1
114,foxy was paid well to go after mamdani üòÇüòÇüòÇüòÇü§ë,2025-07-11 20:07:19+00:00,Megyn_Kelly_Commentary.csv,1
115,donald trump give the rich lower taxes. mamdani rake some of it back to help make life more affordable. where is the problem? üòÆ,2025-07-11 13:48:34+00:00,Megyn_Kelly_Commentary.csv,1
116,"why vote for mamdani?
because he‚Äôs not for sale.
the establishment spends millions to protect the status quo‚Äîspreading hate, dividing us, and attacking honest candidates like mamdani.
no corporate donors. no lies. just someone fighting for working people.
that‚Äôs why they fear him. that‚Äôs why your vote matters.",2025-07-09 01:24:45+00:00,Megyn_Kelly_Commentary.csv,1
117,if megyn is going crazy about this then mamdani must be doing something right. üòÇ,2025-07-09 09:22:55+00:00,Megyn_Kelly_Commentary.csv,1
118,"""mamdani is a child of privilege who‚Äôs eager to denounce the capitalist society in which he enjoys wealth and status without having lifted a finger to earn either.""
martin gurri, ny post",2025-07-08 20:02:26+00:00,Megyn_Kelly_Commentary.csv,0
119,unbelievably there are billionaires who support mamdani. keith mcnally from balthazar just came out to support him as well. what can normal new yorkers do to foil mamdani's mayoral bid? suggestions from you and your experts please.,2025-07-08 20:04:09+00:00,Megyn_Kelly_Commentary.csv,0
120,"i‚Äôm old enough to remember when the opposition to obama‚Äôs campaign alarmed the world slowly that he would usher in socialism, and the world laughed. mamdani makes that level of socialism look like child‚Äôs play",2025-07-08 20:07:36+00:00,Megyn_Kelly_Commentary.csv,1
121,"african american isn't  a race if you mean a black person.  mamdani and elon musk are both 100 percent african americans. both born in africa and naturalized us citizens.  
american taxpayers funds free college and healthcare for all israeli citizens. american taxpayers funds free healthcare for citizens in over 30 different countries globally.  that's call capitalism.   free college and healthcare for americans using american taxpayers own money? that's called socialism or give away.  i'm puzzled.",2025-07-11 16:52:12+00:00,Megyn_Kelly_Commentary.csv,1
122,a mamdani nyc administration would be mired in constant lawsuits.,2025-07-08 19:22:15+00:00,Megyn_Kelly_Commentary.csv,0
123,"those who do not know him will dislike him in return, truly bad prejudice is useless, even though zohran mamdani's dignity is truly fighting for the city of new york. many people make accusations that want to bring him down, most of those who dislike him are liberal officials who falsely accuse zohran of being liberal and communist as well. on the contrary, they are corrupt officials who cannot be trusted, liberal, and communist. truly scary news",2025-07-14 08:47:31+00:00,Megyn_Kelly_Commentary.csv,1
124,"i disagree with megyn on this one.
if cuomo can be convinced to drop out (because he has no chance of winning), i believe that adams could beat mamdani.
that said, if the people of nyc are foolish enough to elect a communist, virulently antisemitic, deluded muslim racist, then they _truly_ deserve to go down the drain...",2025-07-08 19:47:03+00:00,Megyn_Kelly_Commentary.csv,0
125,mamdani is a democratic socialist like any politician in denmark or sweden or norway.,2025-07-08 23:49:11+00:00,Megyn_Kelly_Commentary.csv,1
126,"elite‚Äôs nightmare 
zohran all the way üòÇ",2025-07-09 14:47:17+00:00,Megyn_Kelly_Commentary.csv,1
127,"why are you so worried that poor working people will get some much needed assistance? you will still have your millions. mamdani will win - stop fear mongering, he is not going to make nyc communist, he will just start programs to help people who need it.",2025-07-12 00:57:33+00:00,Megyn_Kelly_Commentary.csv,1
128,"expect mamdani to become the next nyc mayor.
and as a true believing fellow traveling 19th century traditional economic socialist, he will do all he can to turn the city into a socialist utopia.
something that's been tried many times before throughout history and something that has failed miserably every time it's been tried. 
new york and its residents will begin to suffer greatly once mamdani becomes mayor. - and they will continue to suffer tremendously until he is gone.",2025-07-08 22:32:50+00:00,Megyn_Kelly_Commentary.csv,0
129,"we indians know what and who zohran mamdani really is.both his parents have been a part of the far left pro communist/marxist lobby anti-hindu radical islamist lobby in india for decades.a radical islamist,camouflaged as socialist/marxist aka progressive left.he is the kind of people and lobby, us deep state and george soros supported and funded in india in the guise of promoting democracy,but really just creating chaos and anarchy.unfortunately us right or conservatives lobby have little to no knowledge about this muslim brotherhood/qatari funded lobby or their agendas.sadiq khan in london,arvind kejriwal in new delhi and now zohran mamdani in new york,and all three are soros favourites...there is a very dangerous pattern at play here.",2025-07-09 09:20:36+00:00,Megyn_Kelly_Commentary.csv,0
130,mamdani is not an islamist. no policy he has articulated has anything to do with islam.,2025-07-09 03:21:46+00:00,Megyn_Kelly_Commentary.csv,1
131,they are afraid of mamdani,2025-07-09 07:12:28+00:00,Megyn_Kelly_Commentary.csv,1
132,"i don't like mamdani either but did she really do the typical boomer ""just work harder, just have roommates'? its never been this hard for young people financially. that's why they feel like voting for a damn communist is a good idea.",2025-07-08 23:57:28+00:00,Megyn_Kelly_Commentary.csv,0
133,"left wing media. the takeover of the internet by pro-islam & pro-socialism memes & fake articles & fake documentaries & fake pro-china & pro-north-korea psas. suppression of science - offshore wind farm & whales not being reported , grass-fed beef not causing  methane being lied about. replacement of science. netflix and its ""white girl = crazy / muslim girl = sweet"" messaging. obama doing ads on youtube for prop 50. dearborn news being controlled by the corrupted police force & mayors office, ie ""family disturbance leaves 1 dead"", that's code for honor killing. if you speak up, you're the r word. the sound bites where charlie kirk quoted someone who hated gays, but they make it seem like he said it. taking trump.out of context. anti-white ""dear white women"" hate speech --> who funds that? the unending fake church vs church doctrine disputes designed to wear away at christian faith.  scopolomine probably  being used to get a normal white dude to drive his truck into an lds church. pelosi's insider trading and her need to stay in power. lindsay graham is a closet democrat. replacing positive white characters with non-white actors --> ie. percy jackson. anabelle was a great not-a-ditzy-blond stereotype character that got replaced. the entire premise of the character was removed. california schools and the incessant pro-gay/pro-trans agenda, for the direct purpose of getting people not to have children. the teachers are near revolting against it, but the districts keep paying millions for new brainwashing programs. mamdani speaking to kindergartners. end game? - china wants to grow its own soy on its ...us-turned-china soil with a 100% controlled muslim work force that makes sure there is zero feminism on the earth. from europe - they want the beef and the grazing. the conversion of europe is almost complete.",2025-11-02 14:45:11+00:00,Megyn_Kelly_Commentary.csv,0
134,"trump calling mamdani communist, but trump's father-in-law was a member of communist party, an active member.first lady's father was a communistüòÖ",2025-07-13 12:49:23+00:00,Megyn_Kelly_Commentary.csv,1
135,mamdani?  don't get me started about this marxist hac and the absolute useful tools that would vote for him!!,2025-07-08 19:40:15+00:00,Megyn_Kelly_Commentary.csv,0
136,"mamdani is a serial liar.  his ""aunt"" wasn't even in the country during 9/11.  he made the entire story up, because, like all marxists, they will openly deceive in order to get into power.  once they are in power, they crush anyone who doesn't support their marxist agenda.  wake up new york...or you will live in hell.",2025-10-31 17:07:06+00:00,Sean_Daniel.csv,0
137,"totally agree with you! i‚Äôm a latina woman, came to usa 46 years ago from the caribbean‚Ä¶and i am a trump voter and supporter üíØ percent‚Ä¶. many latinos know what a socialist can do, what a person like mamdani can do with his ideology ‚Ä¶ not all hispanics want ‚Äúfree‚Äù anything ‚Ä¶ only those who live off welfare, not working, and the majority are ignorant in many ways.. only care about ‚Äúgetting free‚Äù stuff‚Ä¶ i noticed that the majority of our youngsters don‚Äôt know anything of anything ‚Ä¶ they believe the social media ‚Äúnews‚Äù‚Ä¶ and i‚Äôm sure that there are people out there with an agenda to guide our youngsters in the wrong direction and influence them to see things from a totally wrong perspective‚Ä¶ youngsters need to be educated and they should be taught to love the country they were born in‚Ä¶ i wasn‚Äôt born here‚Äîusa is my home and i love the usa üá∫üá∏ may god bless our nation and the people who come here and love it tooüôèüôèüôè ps: i wanted to vote for curtis, but he won‚Äôt have a chance, so cuomo is the only chance we have to stop mondani!  may god save us from a muslim socialist!",2025-10-31 22:54:56+00:00,Sean_Daniel.csv,0
138,withhold funding from nyc if they elect mamdani!,2025-10-31 15:08:37+00:00,Sean_Daniel.csv,0
139,it amuses mamdani. he feels the citizens of new york or the country do not deserve his respect. he plays us for chumps.,2025-10-31 15:11:43+00:00,Sean_Daniel.csv,0
140,no i‚Äôm a new yorker what they need to do is ban zohran and hurry up !!,2025-10-31 21:29:33+00:00,Sean_Daniel.csv,0
141,mamdani will destroy ny.,2025-11-01 00:21:34+00:00,Sean_Daniel.csv,0
142,push back at mamdani's threats!! close the door to illegal invasion and close the door to socialism! close the door to the left wing 'sanctuary' lie!,2025-10-31 16:46:31+00:00,Sean_Daniel.csv,0
143,yes i agree  trump  should  withhold   federal  funds.  mamdani is a  radical  islamists    communist,2025-11-02 07:58:24+00:00,Sean_Daniel.csv,0
144,zohran mamdani is part of the dsa democrat socialist of america; the dsa has infiltrated the democrat party and are using is to field marxist candidates to facilitate the destruction or our republic,2025-11-01 02:14:48+00:00,Sean_Daniel.csv,0
145,zohran has this forced fake almost evil smile.,2025-10-27 04:15:28+00:00,New_York_Post.csv,0
146,üòÇüòÇü§°ü§°new york post has same credibility than netanyahu. mamdani's victory will be historical. people dont want oldest corrupt,2025-10-25 08:05:27+00:00,New_York_Post.csv,1
147,"new york not for sale
mamdani‚ù§",2025-10-27 22:51:04+00:00,New_York_Post.csv,1
148,mamdani is an extremist for sure!,2025-10-31 05:40:24+00:00,New_York_Post.csv,0
149,mamdani=takiyya should be concerning.,2025-10-24 14:47:39+00:00,New_York_Post.csv,0
150,"this man is a hamas supporter. mamdani is a charlatan, makes fantasy promises that will not come true.",2025-10-25 13:17:03+00:00,New_York_Post.csv,0
151,im a spanish christian. cuomo can't do anything. zohran mamdani will sweep the november 4 elections and become the first muslim mayor of nyüóΩ,2025-10-25 08:01:40+00:00,New_York_Post.csv,1
152,"dignity versus indignity, light versus darkness... zohran mamdani for nyc",2025-10-24 18:10:27+00:00,New_York_Post.csv,1
153,mamdani =demonic,2025-10-24 15:17:37+00:00,New_York_Post.csv,0
154,filthy & silly way to undermine mamdanis  campaign,2025-10-25 20:34:52+00:00,New_York_Post.csv,1
155,mamdani will hold jews accountable,2025-10-25 11:10:12+00:00,New_York_Post.csv,1
156,mamdani is happy with 911 an he is not done,2025-10-31 19:53:19+00:00,New_York_Post.csv,0
157,"basically the perpetrator went to the mosque once, so they tried to link him to the imam of the mosque üòÇ they are trying so hard to make z look bad. it's like a school shooter went to church once & imagine they try to link the pastor/priest of that church to the perpetrator üòÇ see? how ridiculous it sounds? 911 was a worldwide huge tragedy if he was guilty he wouldn't be free, no critical thinking with these zohran h8trz they are getting desperate.",2025-10-25 15:17:27+00:00,New_York_Post.csv,1
158,"hmm, mamdani has terrorists as friends, not surprised",2025-10-31 12:09:05+00:00,New_York_Post.csv,0
159,new post have been smearing mamdani since he won the primaries and continues.,2025-10-24 17:42:00+00:00,New_York_Post.csv,1
160,wow the hatred in the comment section for mamdani is just great üòÇ.,2025-10-26 10:21:29+00:00,New_York_Post.csv,1
161,try everything you can to smear zohran. it‚Äôs not gonna work,2025-10-24 17:20:54+00:00,New_York_Post.csv,1
162,mamdani is a member of muslim brotherhood and iran! he is against west,2025-10-25 13:28:32+00:00,New_York_Post.csv,0
163,"sadly is zohran mandani will win anyway as a mayor of nyc but the weird part is staten island, brooklyn and queens has more conservative than manhattan and bronx and not only that, there are some conservative mojarity in manhattan. soo nyc has more conservative than liberal but somehow remain democrat winners voters despite huge number conservative and not only that, virginia and illinois has more conservative than liberal but somehow remaining as the winners of democrat governor despite vash mojarity are voting republican. strange ü§î",2025-10-24 14:58:05+00:00,New_York_Post.csv,0
164,"i like mamdani‚Äôs policies, but his rhetoric with regards to ‚Äúintifada‚Äù and terrorism is despicable. he is actually anti-america in his tweets and views. they‚Äôre pretty heinous. yes, cheaper housing and higher taxes on the ultra-rich. but no to the anti-american radical islam extremism.",2025-10-24 15:32:58+00:00,New_York_Post.csv,0
165,the last desperate attempt by nyt to take down mamdani after so many failed attempts. where are the pictures adam‚Äôs and other candidates with this same person? oh yeah that won‚Äôt help for the smear campaign,2025-10-25 00:08:56+00:00,New_York_Post.csv,1
166,young blood more energy love mamdani ‚ù§Ô∏è,2025-11-01 04:02:24+00:00,New_York_Post.csv,1
167,zohrans aunt wasn‚Äôt even in nyc at the time and after 9/11. what a liar!,2025-10-28 16:41:49+00:00,Michael_Knowles.csv,0
168,the sitting brazilian president just stated that the drug dealers are actually victims of those who purchase drugs so mamdani is not too far off there.,2025-10-27 23:34:48+00:00,Michael_Knowles.csv,0
169,zohran running in the victim olympics.,2025-10-28 02:23:37+00:00,Michael_Knowles.csv,0
170,mamdani is beyond irritatingü§¶‚Äç‚ôÄÔ∏èü§¶‚Äç‚ôÄÔ∏èü§¶‚Äç‚ôÄÔ∏è,2025-10-27 23:44:53+00:00,Michael_Knowles.csv,0
171,"i'm a pale american.  i was consistently ""randomly"" selected for about ten years, because my passport had a number of unusual countries in it.  after i got a new passport, i have not been randomly selected.  mr. mamdani, traveling to the middle east and east africa probably draws attention because of his travel history.",2025-10-28 01:32:40+00:00,Michael_Knowles.csv,0
172,"it is known that mamdani's mother wasn't even in the states on 9/11, and in several pictures, she is not wearing a hijab.",2025-10-28 12:16:01+00:00,Michael_Knowles.csv,0
173,"mamdani is using blame shifting and projection, two ways to manipulate. this is bad news for new york city.",2025-10-28 22:44:42+00:00,Michael_Knowles.csv,0
174,show the video clip where mamdani sang a song about his love for a terror group,2025-10-28 02:50:53+00:00,Michael_Knowles.csv,0
175,"the tragedy is not that mamdani is spouting this nonsense, but that people are willing to believe it.",2025-08-16 11:17:32+00:00,John_Stossel.csv,0
176,remember that mamdani recently celebrated his wedding nuptials at his family's secluded compound in uganda where he was protected with armed guards.  the fellow who wants to abolish private property has no problem owning his own estate.  likewise he also wants to defund the police and repeal the 2nd amendment while enjoying armed security.,2025-08-05 17:16:25+00:00,John_Stossel.csv,0
177,"with mamdani, people will leave nyc and no one will want to move there, except those looking for a free ride.",2025-08-05 12:10:28+00:00,John_Stossel.csv,0
178,"why does the msm fail to ask mamdani to name a single country where socialism has succeeded?  is it because they know there isn't a good answer?  when the msm refuses to ask  democrats basic questions on their proposed policies, like government run grocery stores, they are hiding the truth from their viewers.  when president trump says the msm is the enemy of the people, he is correct.",2025-08-12 21:07:42+00:00,John_Stossel.csv,0
179,it'll be interesting to see how wealthy mamdani becomes during his tenure as mayor.,2025-08-05 13:31:18+00:00,John_Stossel.csv,0
180,"i kinda want to see mamdani win and put his big plans into effect just so we can watch while the lights go out in nyc. see the closing scene from atlas shrugged come true in real time. it's going to take that kind of painful kick in the butt to remind people, ""there is no such thing as free lunch.""",2025-08-05 13:07:20+00:00,John_Stossel.csv,0
181,"i used to go to nyc often. whilst deblaso was mayor, i saw the rot setting in and visited less frequently. if mamdani gets in, i'll never go back until a man like guilliani is elected.",2025-08-05 12:23:21+00:00,John_Stossel.csv,0
182,this is scary. mamdani is not even hiding his plans to do another attack in ny.,2025-10-20 17:05:05+00:00,Fox_Clip.csv,0
183,"what people don't understand is that if zohran mamdani wins it will not only affect new york city but also the rest of the usa. new york city, wake the hell up before it is too late. you don't want this idiot running your city. this man is a wolf in sheep's clothing. (be warned)",2025-10-20 17:52:58+00:00,Fox_Clip.csv,0
184,"the fact that one new yorker would vote for mamdani is shocking.  allegedly,  mamdani is leading in the poles... scary!  wake the hell up new york!!!",2025-10-20 18:26:49+00:00,Fox_Clip.csv,0
185,suddenly it hit me‚Äîhow is it possible that no normal person ran for mayor of new york city and just left it open for mr. mamdani? wasn't there anyone willing to take responsibility and be a reasonable mayor?,2025-10-20 19:47:52+00:00,Fox_Clip.csv,0
186,this is meaningless to leftist democrats. they will vote for mamdani anyway.,2025-10-20 17:49:25+00:00,Fox_Clip.csv,0
187,"the photos  surfacing 
mamdani is a sleeper but now his inner scumbag  is  starting to show threw .
if people  elect him newyork deserves  everything  they get....",2025-10-20 17:20:10+00:00,Fox_Clip.csv,0
188,"curtis sliwa needs to do the right thing at this point and drop out of the election! i like curtis, and i even donated twice to his campaign. but the numbers just aren't there. at this point, he has almost no chance of winning!! cuomo is our only hope of beating mamdani.",2025-10-20 17:31:47+00:00,Fox_Clip.csv,0
189,"the saying, when someone shows you who they are you better believe it, couldn't be more true with this man. it's not that he's hiding under a rock or something. mamdani fully exposed his true self repeatedly, proudly and ashamedly. i don't blame him, i blame the voters. they are the ones beguiled by their own ignorance!ü•¥",2025-10-20 18:00:34+00:00,Fox_Clip.csv,0
190,stop voting mamdani!,2025-10-20 20:45:09+00:00,Fox_Clip.csv,0
191,mamdani is the devil in full view.,2025-10-20 21:54:27+00:00,Fox_Clip.csv,0
192,"if mamdani wins, wat is now happening in britain and entire europe will happen in newyork.",2025-10-23 05:52:12+00:00,Fox_Clip.csv,0
193,taqqiya - mamdani got 1 task. remember this.,2025-10-20 17:54:43+00:00,Fox_Clip.csv,0
194,and people will still vote for mamdani. go figure.,2025-10-20 19:14:59+00:00,Fox_Clip.csv,0
195,"nyc said to never forget 9/11. and it seems all too many have forgotten. thus, mamdani.",2025-10-19 06:15:51+00:00,Sky_News.csv,0
196,"there was a lot of planning and effort in the failed 1993 wtc bombing. but with mamdani as mayor, they‚Äôll just be able to walk right in to the stock exchange - no questions asked.",2025-10-19 04:09:49+00:00,Sky_News.csv,0
197,an anagram of mamdani is ‚Äúi mad man‚Äù,2025-10-19 02:02:55+00:00,Sky_News.csv,0
198,my and my husbands unions endorse mamdani. i am beyond disgusted.,2025-10-19 12:06:51+00:00,Sky_News.csv,0
199,zohran mahmoud lack of transparency is very similar to sadiq the khant ü§∑‚Äç‚ôÄÔ∏è,2025-10-19 01:16:44+00:00,Sky_News.csv,0
200,"zohran will be recalled within a year and socialism will be seen on the main stage for what it is.
the only difference between socialism and communism is that one hasn‚Äôt tried to kill you yet.",2025-10-19 03:44:07+00:00,Sky_News.csv,0
201,new yorkers look to aoc to guide them to the truth and she stands for mamdani so there you are..............,2025-10-19 01:38:58+00:00,Sky_News.csv,0
202,new york actually deserves mamdani.  some people only learn the hard way.,2025-10-19 16:19:43+00:00,Sky_News.csv,0
203,mamdani obviously has no intention of appealing to white christian americans.,2025-10-24 21:19:10+00:00,Steven_Chowder.csv,0
204,"zohran: ""i grew up in the third world.""
the third world in question: *1% oligarch*",2025-10-24 21:16:50+00:00,Steven_Chowder.csv,0
205,also zohran comes from the absolute top of the upper classes of uganda. there is no way that his parents would be eating with their hands.,2025-10-25 06:36:38+00:00,Steven_Chowder.csv,0
206,"""mamdani no! that's not brown rice, you just came out of the restroom""",2025-10-25 00:56:23+00:00,Steven_Chowder.csv,0
207,who cares how mamdani eats or anyone else for that matter. nobody around me eats like that so i couldn‚Äôt care less. we have actual problems in this country but eating rice with your hands is not one of them.,2025-10-25 16:41:36+00:00,Steven_Chowder.csv,1
208,"mamdani still hasn't figured out something most americans figure out by time we are 3 years old, but we are supposed to be the inferior society, give me a break!",2025-10-25 00:35:30+00:00,Steven_Chowder.csv,0
209,the madness of a person like mamdani is the people who voted for him.,2025-07-02 16:41:59+00:00,Newsmax.csv,0
210,"mamdani defies ice, he goes to prison and loses his citizenship and gets deported to el salvador.  ü§£",2025-07-01 23:28:06+00:00,Newsmax.csv,0
211,"*did you know this about mamdani the commie:* zohran mamdani‚Äôs mother is a multi-millionaire film director. his father is a millionaire columbia professor. he attended a 60k/year school where all his classmates were fellow children of millionaires. he now says billionaires üí∞ shouldn‚Äôt exist and pretends to understand working class struggles, even though he hasn‚Äôt had to work a single day in his life and grew up in luxury. *it‚Äôs all an act. he‚Äôs a complete fraud.* he‚Äôs not only cosplaying, he‚Äôs straight-up lying to get where he wants to. he‚Äôs not running for mayor of new york because he cares about the people of new york. he‚Äôs, at best, doing it solely for himself, and at worst for islamic reasons. üïå",2025-07-02 00:55:50+00:00,Newsmax.csv,0
212,we cannot allow this to happen.  mamdani needs to be investigated immediately.,2025-07-02 03:55:49+00:00,Newsmax.csv,0
213,"and remember!

‚Äúmamdani‚Äù spelled sideways is ‚Äúi madman.‚Äù  

i don‚Äôt believe in coincidence. new york city, the ball will soon be in your court. do the right thing!",2025-07-02 14:57:25+00:00,Newsmax.csv,0
214,please don't malign lab rats by calling mamdani a lab rat.,2025-07-01 23:18:07+00:00,Newsmax.csv,0
215,"crazy eddie : prices so low we are practically giving them away !!!

mamdani : prices ? 
i‚Äôm giving everything away.",2025-07-02 10:38:54+00:00,Newsmax.csv,0
216,arrest mamdani now.,2025-07-04 13:16:58+00:00,Newsmax.csv,0
217,zohran..is bad for ny and wrong for our country...on so many levels.,2025-07-02 13:16:29+00:00,Newsmax.csv,0
218,"cuba is awesome , all of mamdani's ideas have been implemented there. they can even time travel for free back to the 50's!",2025-08-14 16:42:25+00:00,NewsNation.csv,0
219,"someone online told me that mamdani is anti-war.  and i'm thinking, when did the mayor of new york city get the authority to declare war???",2025-08-14 19:04:21+00:00,NewsNation.csv,0
220,i disagree. mamdani's heart isnt in the right place. his goal is to destroy.,2025-08-16 22:51:22+00:00,NewsNation.csv,0
221,love stossel! he makes really good points on mamdani‚Äôs idiotic policies.,2025-08-23 14:59:23+00:00,NewsNation.csv,0
222,this country needs to be educated meaning that if you understand finance and economics you will realize that mamdani‚Äôs ideas are marxist in origin and do not work!!!  young uneducated people are falling for this man‚Äôs bs.  i lived in ny and i say this:  move!!!!!! ny is stupid expensive and not for the poor!!!,2025-08-14 00:23:35+00:00,NewsNation.csv,0
223,"if you suffer from tds, it feels good for mamdani to say ""tax the rich"". smdh",2025-08-12 00:04:50+00:00,NewsNation.csv,0
224,the letters in 'mamdani' also spell 'i madman',2025-08-12 00:01:36+00:00,NewsNation.csv,0
225,"the question bothering me now is ""how long will it take before mamdani is begging the federal government for a bailout?""",2025-10-16 01:28:03+00:00,NewsNation.csv,0
226,"communist system controls everything from land, your language, foods to your children. start kindergarten age train their minds. communist laws they owns the land. people buy houses; the government land owner have right to kicks you out. food, vegetable, meat government system own & schedule allow citizen when or how much could buy. ""communist is paradise.‚Äù  all citizen hard work control and toward to oligarchy socialism &  zohran mamdani one of this. ü§´",2025-08-15 17:54:00+00:00,NewsNation.csv,0
227,mamdani is selling hot air,2025-08-12 01:05:12+00:00,NewsNation.csv,0
228,"mainstream media is also a major part of the problem as well. zohran mamdani is really just a culmination democrat ideology. the mainstream media has always promoted and supported democrat politicians who have repeated bits and pieces of mamdani‚Äôs platform; but when mamdani repeats all the same talking points as an individual, you all say his policies are dangerous. furthermore, the rich doesn‚Äôt need to pay more. they already pay most of the taxes. this is true for anyone. as you make more money, you pay more taxes. it‚Äôs pretty stupid to hear professional journalists, who once made millions working for networks like abc, pretend like they don‚Äôt understand this. furthermore, not all millionaires or billionaires have millions or billions of dollars. some own wealth in stocks and assest, and may have millions in capital gains. that is money that can‚Äôt and shouldn‚Äôt be taxed anyway. it would deter investments.",2025-08-12 20:26:18+00:00,NewsNation.csv,0
229,"free buses means people will be living on the buses. i hope mamdani wins and fulfills all his promises.  ""we had to destroy the village to save it.""",2025-08-13 09:19:06+00:00,NewsNation.csv,0
230,it's good that the big business and it's mouthpieces are scared of mamdani. that means he is the right choice.,2025-10-02 11:12:28+00:00,NewsNation.csv,1
231,"socialists when you tell them socialism has been tried and never works: ""well, yeah, not yet -- but we're gonna 'socialism' harder!!!!!!!""

being and acting stupid is the privilege of the young. sadly, as with all such experiments, they (and we) will live to regret their reckless zero sum game ignorance. also, never forget that the mamdanis of the world aren't really interested in being merely mayor of new york. they want to take their insanity national. be afraid.",2025-08-25 16:40:40+00:00,NewsNation.csv,0
232,"policies like the ones being advocated by mamdani will drive out wealthier, productive people and attract freeloaders & malingerers.",2025-08-12 18:57:26+00:00,NewsNation.csv,0
233,"it's not the young voting. it's the fact no one is coming out voting. he got a very low turnout. i'm hoping they're just being quiet of who everyone is voting for and then the actual voting day get rid of this crap. a socialist store just closed in kansas city missouri. same thing owned by ""tax payers"" except it's the people on ebt shopping most don't have jobs to put their fair share in and the tax payers in the area aren't enough to keep it open. the rich will never pay their fair share. and mamdani doesn't have any authority to raise taxes",2025-08-13 15:08:21+00:00,NewsNation.csv,0
234,"this will happen to new york, and the people who voted for mamdani won't blame him or themselves - they'll blame the rich for leaving.",2025-10-27 05:29:57+00:00,Tom_Bilyeu.csv,0
235,mamdani has not had even one job. you expect him to understand all this? he's a trojan horse,2025-10-19 16:35:23+00:00,Tom_Bilyeu.csv,0
236,arguably more disturbing about mamdani is that he‚Äôs a radical muslim,2025-10-19 19:34:12+00:00,Tom_Bilyeu.csv,0
237,"you want to see mamdani's nyc? look at khan's london, uk.",2025-10-21 09:00:09+00:00,Tom_Bilyeu.csv,0
238,"if you want to know what new york city will be like with mamdani, look what dearborn michigan is going through.",2025-10-23 10:58:38+00:00,Tom_Bilyeu.csv,0
